{"Rewards": -326.0, "_runtime": 9197.043145418167, "_step": 14306, "_timestamp": 1596623896.1985915, "Loss": 1.7945525905360347, "Boltzman constant": 49.99849803849551}
