{"_step": 130, "_timestamp": 1596607268.0950727, "Rewards": 92.0, "Loss": 32.936595419178836, "Boltzman constant": 893.1456134926093, "_runtime": 111.5154139995575}
