{"Boltzman constant": 181.55478339445796, "Loss": 11.174105519833772, "_step": 130, "_runtime": 178.21292161941528, "Rewards": -304.0, "_timestamp": 1598008549.1272438}
