{"Loss": 0.01789231254192798, "_step": 109, "_runtime": 132.14140725135803, "_timestamp": 1598099730.0462203, "Boltzman constant": 0.3638729363057249, "Rewards": 0.0}
