{"_runtime": 427.82052731513977, "_step": 591, "Rewards": -363.0, "_timestamp": 1598103803.3916874, "Boltzman constant": 0.5717074000460608, "Loss": 19.188993764960248}
