{"_step": 76, "Rewards": -460.0, "Boltzman constant": 999.001497338531, "_runtime": 72.32959461212158, "Loss": 35.0995279809703, "_timestamp": 1595401880.6100035}
