{"initial_reset_timestamp": 1589985496.7212136, "timestamps": [1589985497.9383187, 1589985499.1204658, 1589985500.1537063, 1589985501.2940674, 1589985502.381785, 1589985503.4938478, 1589985504.5356112, 1589985505.5359585, 1589985506.6612525, 1589985507.7532492, 1589985514.9840648, 1589985529.6651106, 1589985544.620413, 1589985561.5520663, 1589985576.8041284, 1589985590.7154489, 1589985605.6446645, 1589985620.425977, 1589985633.580471, 1589985648.652407, 1589985665.0126123, 1589985679.6639822, 1589985693.4166825, 1589985707.3085296, 1589985721.532875, 1589985737.2367806, 1589985750.8402843, 1589985765.6853971, 1589985779.3726752, 1589985794.8446305, 1589985809.0086505, 1589985825.7403512, 1589985840.1082108, 1589985853.8012066, 1589985869.4837093, 1589985885.4801054, 1589985899.9124742], "episode_lengths": [898, 954, 894, 1005, 954, 976, 906, 815, 998, 957, 957, 756, 807, 897, 836, 757, 838, 847, 755, 823, 876, 822, 757, 759, 757, 849, 757, 817, 761, 845, 757, 908, 790, 761, 820, 842, 758], "episode_rewards": [-21.0, -19.0, -21.0, -20.0, -20.0, -19.0, -21.0, -21.0, -21.0, -20.0, -20.0, -21.0, -21.0, -20.0, -20.0, -21.0, -20.0, -20.0, -21.0, -21.0, -21.0, -21.0, -21.0, -21.0, -21.0, -21.0, -21.0, -21.0, -21.0, -21.0, -21.0, -20.0, -21.0, -21.0, -21.0, -21.0, -21.0], "episode_types": ["t", "t", "t", "t", "t", "t", "t", "t", "t", "t", "t", "t", "t", "t", "t", "t", "t", "t", "t", "t", "t", "t", "t", "t", "t", "t", "t", "t", "t", "t", "t", "t", "t", "t", "t", "t", "t", "t"]}