{"initial_reset_timestamp": 1590492395.851993, "timestamps": [1590492397.3473058, 1590492398.3284616, 1590492399.1958659, 1590492400.5184414, 1590492401.599194, 1590492402.5602295, 1590492403.6492548, 1590492404.7000332, 1590492405.645026, 1590492406.6382842, 1590492408.4387228, 1590492422.8171074, 1590492437.874014, 1590492452.7603493, 1590492467.448634, 1590492481.8300924, 1590492497.8634713], "episode_lengths": [819, 845, 778, 1221, 999, 862, 1011, 963, 850, 903, 758, 756, 759, 759, 758, 757, 821], "episode_rewards": [-21.0, -21.0, -21.0, -17.0, -20.0, -20.0, -20.0, -21.0, -21.0, -20.0, -21.0, -21.0, -21.0, -21.0, -21.0, -21.0, -21.0], "episode_types": ["t", "t", "t", "t", "t", "t", "t", "t", "t", "t", "t", "t", "t", "t", "t", "t", "t", "t"]}