{"initial_reset_timestamp": 1590066227.841284, "timestamps": [1590066229.2422907, 1590066230.140643, 1590066231.1211317, 1590066232.0334692, 1590066232.8155117, 1590066233.7179368, 1590066234.759843, 1590066235.5285513, 1590066236.608585, 1590066237.4624665, 1590066241.8807068, 1590066255.7582629, 1590066270.8959928], "episode_lengths": [1036, 888, 996, 923, 785, 902, 1033, 774, 1052, 833, 956, 756, 819], "episode_rewards": [-20.0, -21.0, -21.0, -19.0, -21.0, -21.0, -19.0, -21.0, -20.0, -20.0, -20.0, -21.0, -21.0], "episode_types": ["t", "t", "t", "t", "t", "t", "t", "t", "t", "t", "t", "t", "t", "t"]}