{"initial_reset_timestamp": 1590492521.5106285, "timestamps": [1590492523.6068134, 1590492524.3800886, 1590492525.2917132, 1590492526.3395464, 1590492527.2536743, 1590492528.2933884, 1590492529.1784732, 1590492529.910044, 1590492530.9296992, 1590492531.9808419, 1590492533.8060718, 1590492544.9388113, 1590492559.4738297, 1590492574.0094903, 1590492588.654262, 1590492603.4454515, 1590492618.1253314, 1590492633.1165144, 1590492648.6981993, 1590492664.7506692, 1590492680.2544668, 1590492696.4345682, 1590492711.726037, 1590492726.7120888, 1590492741.6181352, 1590492760.476672, 1590492782.6064236, 1590492800.7468169, 1590492818.635766, 1590492837.5406425, 1590492863.700665, 1590492898.1965415, 1590492932.8015342, 1590492958.4137418, 1590492981.3676388, 1590493007.907885, 1590493034.9978018, 1590493079.9798448, 1590493130.2856386, 1590493175.3989983, 1590493229.6718287, 1590493263.1235564, 1590493293.2112675, 1590493331.7162886, 1590493381.0709605, 1590493412.5436735, 1590493449.5034616, 1590493501.4712632, 1590493530.3737087, 1590493577.3785121, 1590493638.7559547, 1590493684.0629222, 1590493743.105131, 1590493786.7389407, 1590493830.0692854, 1590493876.47135, 1590493935.3652918, 1590493987.9285557, 1590494053.7765963, 1590494111.3817272, 1590494157.6405578, 1590494199.8488724, 1590494234.027457, 1590494273.9028666, 1590494306.8078754], "episode_lengths": [1085, 817, 820, 944, 816, 949, 784, 783, 929, 916, 961, 756, 759, 759, 758, 757, 760, 773, 817, 821, 756, 839, 757, 759, 757, 959, 1097, 929, 939, 982, 1320, 1796, 1816, 1350, 1192, 1397, 1350, 2279, 2635, 2324, 2735, 1676, 1511, 1887, 2333, 1605, 1875, 2408, 1404, 2363, 3012, 2174, 3033, 2205, 2179, 2336, 2989, 2716, 3245, 2884, 2276, 2160, 1767, 2022, 1672], "episode_rewards": [-19.0, -21.0, -21.0, -20.0, -21.0, -20.0, -21.0, -21.0, -21.0, -19.0, -20.0, -21.0, -21.0, -21.0, -21.0, -21.0, -21.0, -21.0, -21.0, -21.0, -21.0, -20.0, -21.0, -21.0, -21.0, -21.0, -21.0, -20.0, -21.0, -19.0, -18.0, -12.0, -16.0, -20.0, -21.0, -18.0, -21.0, -15.0, -12.0, -16.0, -7.0, -21.0, -21.0, -18.0, -12.0, -19.0, -13.0, -10.0, -18.0, -14.0, -7.0, -13.0, -2.0, -14.0, -12.0, -9.0, -4.0, -5.0, 3.0, -3.0, -10.0, -11.0, -19.0, -16.0, 20.0], "episode_types": ["t", "t", "t", "t", "t", "t", "t", "t", "t", "t", "t", "t", "t", "t", "t", "t", "t", "t", "t", "t", "t", "t", "t", "t", "t", "t", "t", "t", "t", "t", "t", "t", "t", "t", "t", "t", "t", "t", "t", "t", "t", "t", "t", "t", "t", "t", "t", "t", "t", "t", "t", "t", "t", "t", "t", "t", "t", "t", "t", "t", "t", "t", "t", "t", "t", "t"]}