{"Rewards": 0.0, "_timestamp": 1591147285.56985, "Loss": 39.091708307680875, "_runtime": 553.8944928646088, "_step": 848}
