{"Loss": 17.082164587118687, "Boltzman constant": 0.5764149105197873, "_timestamp": 1598273124.7502644, "_runtime": 638.4586246013641, "Rewards": -686.0, "_step": 509}
