{"_step": 798, "_timestamp": 1596608810.8202446, "Rewards": -424.0, "Loss": 19.341063126273777, "Boltzman constant": 559.9941218901591, "_runtime": 557.475697517395}
