{"Boltzman constant": 175.87189398783818, "Loss": 8.431532103082407, "_step": 448, "_runtime": 425.0420792102814, "Rewards": -254.0, "_timestamp": 1598009896.0739954}
