{"_step": 185, "_timestamp": 1596611175.5707123, "Rewards": -276.0, "Loss": 9.880167857460354, "Boltzman constant": 180.55892341741793, "_runtime": 194.6701536178589}
