{"Loss": 0.0010792623181022582, "_step": 301, "_runtime": 224.92863655090332, "_timestamp": 1598100063.570994, "Boltzman constant": 0.5885305118763646, "Rewards": 0.0}
