{"Boltzman constant": 175.23986190772413, "Loss": 8.490915433220241, "_step": 484, "_runtime": 424.2140374183655, "Rewards": -298.0, "_timestamp": 1598008155.4225264}
