{"Boltzman constant": 0.6050615311911037, "Rewards": -847.0, "Loss": 57.860929022894965, "_runtime": 157.07874965667725, "_step": 24, "_timestamp": 1598276148.8466618}
