{"Boltzman constant": 182.2460386879032, "Loss": 13.388662732165793, "_step": 92, "_runtime": 152.0661461353302, "Rewards": -260.0, "_timestamp": 1598008710.4610846}
