{"_step": 214, "_timestamp": 1596610192.7046206, "Rewards": -306.0, "Loss": 8.363261264303457, "Boltzman constant": 360.07206989880575, "_runtime": 208.3938593864441}
