{"Loss": 17.54495565891266, "Boltzman constant": 0.5599941218901592, "_timestamp": 1598269224.3115168, "_runtime": 741.3754079341888, "Rewards": -540.0, "_step": 798}
