{"Loss": 18.332491936890975, "Boltzman constant": 0.5476986226379456, "_timestamp": 1598267248.3896246, "_runtime": 719.5970959663391, "Rewards": -395.0, "_step": 1020}
