{"_step": 414, "_timestamp": 1596608126.279683, "Rewards": -414.0, "Loss": 28.80609645014224, "Boltzman constant": 581.9172218848889, "_runtime": 300.53583097457886}
