{"Loss": 3.947970851607945, "_step": 2426, "_runtime": 1646.5121974945068, "_timestamp": 1598014584.9221063, "Boltzman constant": 0.2886148628498596, "Rewards": -391.0}
