{"_step": 741, "Loss": 18.219042942259048, "Rewards": -848.0, "Boltzman constant": 0.5631953633199571, "_runtime": 1105.8142766952515, "_timestamp": 1598367211.5056212}
