{"Boltzman constant": 181.86370448106172, "Loss": 12.074906245521877, "_step": 113, "_runtime": 168.13589930534363, "Rewards": -242.0, "_timestamp": 1598009241.026016}
