{"Boltzman constant": 180.73958168797907, "Loss": 10.361733042675516, "_step": 175, "_runtime": 209.15396547317505, "Rewards": -384.0, "_timestamp": 1598009461.7014773}
