{"Loss": 4.7176076847573984, "_step": 458, "_runtime": 399.5840449333191, "_timestamp": 1598012538.7052193, "Boltzman constant": 0.3513922024302034, "Rewards": -424.0}
