{"Loss": 17.35561957359314, "Boltzman constant": 0.5584841017034233, "_timestamp": 1598272394.7687542, "_runtime": 1117.4606235027313, "Rewards": -823.0, "_step": 825}
