{"Boltzman constant": 181.88189267032874, "Loss": 11.58303571783978, "_step": 112, "_runtime": 167.3320951461792, "Rewards": -238.0, "_timestamp": 1598009057.9900334}
