{"Loss": 12.649362384872948, "_step": 287, "_runtime": 850.381618976593, "_timestamp": 1598019829.6864758, "Boltzman constant": 0.35745298412663656, "Rewards": -1332.0}
