{"_step": 38, "_timestamp": 1596607065.3988984, "Rewards": 118.0, "Loss": 36.95980229585067, "Boltzman constant": 901.4008819117801, "_runtime": 41.61235022544861}
