{"_step": 284, "_timestamp": 1596609346.2890534, "Rewards": -320.0, "Loss": 8.07888502660005, "Boltzman constant": 589.5319147688089, "_runtime": 216.29789018630981}
