{"_step": 8, "Rewards": -436.0, "Boltzman constant": 999.001497338531, "_runtime": 20.043413162231445, "Loss": 62.835872650146484, "_timestamp": 1595401926.6480215}
