{"Boltzman constant": 182.28249336375103, "Loss": 13.711846351623535, "_step": 90, "_runtime": 149.84021186828613, "Rewards": -272.0, "_timestamp": 1598008872.4110537}
