{"_step": 279, "Rewards": -442.0, "Boltzman constant": 3.720075976020836e-41, "_runtime": 206.08795857429504, "Loss": 29.841722840848178, "_timestamp": 1595401466.4937582}
