{"Boltzman constant": 0.5750331044736414, "Rewards": -826.0, "Loss": 18.194776874118382, "_runtime": 755.7745473384857, "_step": 533, "_timestamp": 1598278614.2003849}
