{"Boltzman constant": 170.58851811588977, "Loss": 8.07524882192197, "_step": 753, "_runtime": 634.3469054698944, "Rewards": -240.0, "_timestamp": 1598007721.1365337}
