{"_step": 18640, "Rewards": -424.0, "Boltzman constant": 140.28233528349412, "_runtime": 13326.613101482391, "Loss": 7.0489165471947715, "_timestamp": 1595415920.476857}
