{"Loss": 23.389571459397025, "_step": 241, "_runtime": 209.69327783584595, "_timestamp": 1598102897.179665, "Boltzman constant": 0.5920724873493154, "Rewards": -408.0}
