{"Boltzman constant": 174.5228135744866, "Loss": 4.749217831570169, "_step": 525, "_runtime": 452.12931728363037, "Rewards": -432.0, "_timestamp": 1598010510.7699327}
