{"Loss": 14.397414570269378, "_step": 10, "_runtime": 39.097962856292725, "_timestamp": 1598099791.899973, "Boltzman constant": 0.6059092529883575, "Rewards": 0.0}
