{"Boltzman constant": 182.28249336375103, "Loss": 13.468154077944549, "_step": 90, "_runtime": 152.9450273513794, "Rewards": -308.0, "_timestamp": 1598008360.5742357}
