{"Loss": 10.177725823029228, "_step": 190, "_runtime": 190.9256248474121, "_timestamp": 1598018074.9682152, "Boltzman constant": 0.36093732401959217, "Rewards": -336.0}
