{"_step": 387, "_timestamp": 1596609679.5428667, "Rewards": -354.0, "Loss": 6.913965531017469, "Boltzman constant": 353.8960905478339, "_runtime": 316.8340902328491}
