{"_step": 362, "_timestamp": 1596609125.8489907, "Rewards": -364.0, "Loss": 19.11324588112209, "Boltzman constant": 584.9512247117513, "_runtime": 272.28525710105896}
