{"Loss": 1.9394852752270906, "_step": 3358, "_runtime": 2403.005289554596, "_timestamp": 1598017254.113835, "Boltzman constant": 0.26293017024042403, "Rewards": -357.0}
