{"Loss": 16.27750025651394, "Boltzman constant": 0.5686852155776967, "_timestamp": 1598270017.0699008, "_runtime": 786.6452090740204, "Rewards": -687.0, "_step": 644}
