{"Loss": 0.0009182477774827377, "_step": 250, "_runtime": 203.39428877830505, "_timestamp": 1598100311.5323694, "Boltzman constant": 0.5915398352070699, "Rewards": 0.0}
