{"_step": 96, "_timestamp": 1596611333.2625823, "Rewards": -364.0, "Loss": 16.69515650168709, "Boltzman constant": 182.1731512064614, "_runtime": 133.47541546821594}
