{"Rewards": 118.0, "Loss": 53.01519609534222, "_timestamp": 1591146669.3466766, "_step": 540, "_runtime": 367.9292731285095}
