{"Loss": 20.843166081801705, "_step": 316, "_runtime": 274.46582674980164, "_timestamp": 1598102475.9229932, "Boltzman constant": 0.5876483337978866, "Rewards": -318.0}
