{"Rewards": -354.0, "_runtime": 1132.8626501560211, "_step": 1633, "_timestamp": 1596614684.7333667, "Loss": 6.756294530370961, "Boltzman constant": 156.21760350394655}
