{"_step": 85, "_timestamp": 1596607815.947298, "Rewards": -460.0, "Loss": 33.309736749400265, "Boltzman constant": 601.3817067322342, "_runtime": 90.92478775978088}
