{"_step": 236, "_timestamp": 1596607699.0191414, "Rewards": -432.0, "Loss": 29.961890116981838, "Boltzman constant": 592.3686124245897, "_runtime": 211.37142419815063}
