{"_step": 374, "_timestamp": 1596610555.4107735, "Rewards": -320.0, "Loss": 6.979799011479253, "Boltzman constant": 177.17823883603785, "_runtime": 309.86213088035583}
