{"Boltzman constant": 181.2463870537788, "Loss": 9.417039477306863, "_step": 147, "_runtime": 186.5560073852539, "Rewards": -361.0, "_timestamp": 1598010730.0893264}
