{"Boltzman constant": 0.5987413083370163, "Rewards": -842.0, "Loss": 25.34816995196872, "_runtime": 460.20375633239746, "_step": 129, "_timestamp": 1598277653.1904113}
