{"Loss": 21.585553604623545, "_step": 486, "_runtime": 369.7225112915039, "_timestamp": 1598103291.4014874, "Boltzman constant": 0.5777422570457522, "Rewards": -384.0}
