{"_step": 2, "Rewards": -386.0, "Boltzman constant": 3.720075976020836e-41, "_runtime": 10.373846530914307, "Loss": 126.17442985202955, "_timestamp": 1595401218.1945505}
